{"cameraMode":{"drawMode":0,"name":"Shaded","section":"Shading Mode"},"sceneLighting":true,"audioPlay":false,"sceneViewState":{"m_AlwaysRefresh":false,"showFog":true,"showSkybox":true,"showFlares":true,"showImageEffects":true,"showParticleSystems":true,"showVisualEffectGraphs":true,"m_FxEnabled":true},"in2DMode":false,"pivot":{"x":0.08619998395442963,"y":0.7848340272903442,"z":0.33009999990463259},"rotation":{"x":-0.1521718055009842,"y":-0.14707837998867036,"z":0.022902678698301317,"w":-0.9770787358283997},"size":0.13515692949295045,"orthographic":true}