{"cameraMode":{"drawMode":0,"name":"Shaded","section":"Shading Mode"},"sceneLighting":false,"audioPlay":false,"sceneViewState":{"m_AlwaysRefresh":false,"showFog":true,"showSkybox":false,"showFlares":true,"showImageEffects":true,"showParticleSystems":true,"showVisualEffectGraphs":true,"m_FxEnabled":true},"in2DMode":false,"pivot":{"x":0.08462601900100708,"y":0.01883728802204132,"z":0.013709351420402527},"rotation":{"x":0.05558926239609718,"y":0.9373987317085266,"z":-0.17669568955898286,"w":0.29490992426872256},"size":0.14226438105106355,"orthographic":false}