{"cameraMode":{"drawMode":0,"name":"Shaded","section":"Shading Mode"},"sceneLighting":false,"audioPlay":false,"sceneViewState":{"m_AlwaysRefresh":false,"showFog":true,"showSkybox":false,"showFlares":true,"showImageEffects":true,"showParticleSystems":true,"showVisualEffectGraphs":true,"m_FxEnabled":true},"in2DMode":false,"pivot":{"x":0.08699999749660492,"y":0.7789925336837769,"z":0.3067641854286194},"rotation":{"x":-0.1521718055009842,"y":-0.14707837998867036,"z":0.022902678698301317,"w":-0.9770787358283997},"size":0.24133260548114777,"orthographic":true}